title,description,year,rating,director,writers,stars
The Shawshank Redemption,"A banker convicted of uxoricide forms a friendship over a quarter century with a hardened convict, while maintaining his innocence and trying to remain hopeful through simple compassion.",1994,9.3,['Frank Darabont'],"['Stephen King', 'Frank Darabont']","['Tim Robbins', 'Morgan Freeman', 'Bob Gunton']"
The Godfather,The aging patriarch of an organized crime dynasty transfers control of his clandestine empire to his reluctant son.,1972,9.2,['Francis Ford Coppola'],"['Mario Puzo', 'Francis Ford Coppola']","['Marlon Brando', 'Al Pacino', 'James Caan']"
The Dark Knight,"When a menace known as the Joker wreaks havoc and chaos on the people of Gotham, Batman, James Gordon and Harvey Dent must work together to put an end to the madness.",2008,9.0,['Christopher Nolan'],"['Jonathan Nolan', 'Christopher Nolan', 'David S. Goyer']","['Christian Bale', 'Heath Ledger', 'Aaron Eckhart']"
The Godfather Part II,"The early life and career of Vito Corleone in 1920s New York City is portrayed, while his son, Michael, expands and tightens his grip on the family crime syndicate.",1974,9.0,['Francis Ford Coppola'],"['Francis Ford Coppola', 'Mario Puzo']","['Al Pacino', 'Robert De Niro', 'Robert Duvall']"
12 Angry Men,The jury in a New York City murder trial is frustrated by a single member whose skeptical caution forces them to more carefully consider the evidence before jumping to a hasty verdict.,1957,9.0,['Sidney Lumet'],[],"['Henry Fonda', 'Lee J. Cobb', 'Martin Balsam']"
The Lord of the Rings: The Return of the King,Gandalf and Aragorn lead the World of Men against Sauron's army to draw his gaze from Frodo and Sam as they approach Mount Doom with the One Ring.,2003,9.0,['Peter Jackson'],"['J.R.R. Tolkien', 'Fran Walsh', 'Philippa Boyens']","['Elijah Wood', 'Viggo Mortensen', 'Ian McKellen']"
Schindler's List,"In German-occupied Poland during World War II, industrialist Oskar Schindler gradually becomes concerned for his Jewish workforce after witnessing their persecution by the Nazis.",1993,9.0,['Steven Spielberg'],"['Thomas Keneally', 'Steven Zaillian']","['Liam Neeson', 'Ralph Fiennes', 'Ben Kingsley']"
Pulp Fiction,"The lives of two mob hitmen, a boxer, a gangster and his wife, and a pair of diner bandits intertwine in four tales of violence and redemption.",1994,8.8,['Quentin Tarantino'],"['Quentin Tarantino', 'Roger Avary']","['John Travolta', 'Uma Thurman', 'Samuel L. Jackson']"
The Lord of the Rings: The Fellowship of the Ring,A meek Hobbit from the Shire and eight companions set out on a journey to destroy the powerful One Ring and save Middle-earth from the Dark Lord Sauron.,2001,8.9,['Peter Jackson'],"['J.R.R. Tolkien', 'Fran Walsh', 'Philippa Boyens']","['Elijah Wood', 'Ian McKellen', 'Orlando Bloom']"
"The Good, the Bad and the Ugly",A bounty-hunting scam joins two men in an uneasy alliance against a third in a race to find a fortune in gold buried in a remote cemetery.,1966,8.8,['Sergio Leone'],"['Luciano Vincenzoni', 'Sergio Leone', 'Agenore Incrocci']","['Clint Eastwood', 'Eli Wallach', 'Lee Van Cleef']"
Forrest Gump,"The history of the United States from the 1950s to the '70s unfolds from the perspective of an Alabama man with an IQ of 75, who yearns to be reunited with his childhood sweetheart.",1994,8.8,['Robert Zemeckis'],"['Winston Groom', 'Eric Roth']","['Tom Hanks', 'Robin Wright', 'Gary Sinise']"
The Lord of the Rings: The Two Towers,"While Frodo and Sam edge closer to Mordor with the help of the shifty Gollum, the divided fellowship makes a stand against Sauron's new ally, Saruman, and his hordes of Isengard.",2002,8.8,['Peter Jackson'],"['J.R.R. Tolkien', 'Fran Walsh', 'Philippa Boyens']","['Elijah Wood', 'Ian McKellen', 'Viggo Mortensen']"
Fight Club,An insomniac office worker and a devil-may-care soap maker form an underground fight club that evolves into much more.,1999,8.8,['David Fincher'],"['Chuck Palahniuk', 'Jim Uhls']","['Brad Pitt', 'Edward Norton', 'Meat Loaf']"
Inception,"A thief who steals corporate secrets through the use of dream-sharing technology is given the inverse task of planting an idea into the mind of a C.E.O., but his tragic past may doom the project and his team to disaster.",2010,8.8,['Christopher Nolan'],[],"['Leonardo DiCaprio', 'Joseph Gordon-Levitt', 'Elliot Page']"
Star Wars: Episode V - The Empire Strikes Back,"After the Empire overpowers the Rebel Alliance, Luke Skywalker begins training with Jedi Master Yoda, while Darth Vader and bounty hunter Boba Fett pursue his friends across the galaxy.",1980,8.7,['Irvin Kershner'],"['Leigh Brackett', 'Lawrence Kasdan', 'George Lucas']","['Mark Hamill', 'Harrison Ford', 'Carrie Fisher']"
The Matrix,"When a beautiful stranger leads computer hacker Neo to a forbidding underworld, he discovers the shocking truth--the life he knows is the elaborate deception of an evil cyber-intelligence.",1999,8.7,[],"['Lilly Wachowski', 'Lana Wachowski']","['Keanu Reeves', 'Laurence Fishburne', 'Carrie-Anne Moss']"
Goodfellas,"The story of Henry Hill and his life in the mafia, covering his relationship with his wife Karen and his mob partners Jimmy Conway and Tommy DeVito.",1990,8.7,['Martin Scorsese'],"['Nicholas Pileggi', 'Martin Scorsese']","['Robert De Niro', 'Ray Liotta', 'Joe Pesci']"
Interstellar,"When Earth becomes uninhabitable in the future, a farmer and ex-NASA pilot, Joseph Cooper, is tasked to pilot a spacecraft, along with a team of researchers, to find a new planet for humans.",2014,8.7,['Christopher Nolan'],"['Jonathan Nolan', 'Christopher Nolan']","['Matthew McConaughey', 'Anne Hathaway', 'Jessica Chastain']"
One Flew Over the Cuckoo's Nest,"A rebellious convict is sent to a psychiatric hospital for evaluation in 1963 Oregon, and encourages his docile companions to take more control of their lives and defy the tyrannical head nurse.",1975,8.7,['Milos Forman'],"['Lawrence Hauben', 'Bo Goldman', 'Ken Kesey']","['Jack Nicholson', 'Louise Fletcher', 'Michael Berryman']"
Se7en,"Two detectives, a rookie and a veteran, hunt a serial killer who uses the seven deadly sins as his motives.",1995,8.6,['David Fincher'],[],"['Morgan Freeman', 'Brad Pitt', 'Kevin Spacey']"
It's a Wonderful Life,An angel is sent from Heaven to help a desperately frustrated businessman by showing him what life would have been like if he had never existed.,1946,8.6,['Frank Capra'],"['Frances Goodrich', 'Albert Hackett', 'Frank Capra']","['James Stewart', 'Donna Reed', 'Lionel Barrymore']"
The Silence of the Lambs,"A young F.B.I. cadet must receive the help of an incarcerated and manipulative cannibal killer to help catch another serial killer, a madman who skins his victims.",1991,8.6,['Jonathan Demme'],"['Thomas Harris', 'Ted Tally']","['Jodie Foster', 'Anthony Hopkins', 'Scott Glenn']"
Seven Samurai,"Farmers from a village exploited by bandits hire a veteran samurai for protection, and he gathers six other samurai to join him.",1954,8.6,['Akira Kurosawa'],"['Akira Kurosawa', 'Shinobu Hashimoto', 'Hideo Oguni']","['Toshirô Mifune', 'Takashi Shimura', 'Keiko Tsushima']"
Saving Private Ryan,"Following the Normandy Landings, a group of U.S. soldiers go behind enemy lines to retrieve a paratrooper whose comrades have been killed in action.",1998,8.6,['Steven Spielberg'],[],"['Tom Hanks', 'Matt Damon', 'Tom Sizemore']"
The Green Mile,A death row guard learns that a gentle giant in his charge possesses a mysterious gift.,1999,8.6,['Frank Darabont'],"['Stephen King', 'Frank Darabont']","['Tom Hanks', 'Michael Clarke Duncan', 'David Morse']"
City of God,"In the slums of Rio, two kids' paths diverge as one struggles to become a photographer and the other a kingpin.",2002,8.6,[],"['Bráulio Mantovani', 'Paulo Lins']","['Alexandre Rodrigues', 'Leandro Firmino', 'Matheus Nachtergaele']"
Life Is Beautiful,"When an open-minded Jewish waiter and his son become victims of the Holocaust, he uses a perfect mixture of will, humor and imagination to protect his son from the dangers around their camp.",1997,8.6,['Roberto Benigni'],"['Vincenzo Cerami', 'Roberto Benigni']","['Roberto Benigni', 'Nicoletta Braschi', 'Giorgio Cantarini']"
Terminator 2: Judgment Day,"A cyborg, identical to the one who failed to kill Sarah Connor, must now protect her ten year old son John from an even more advanced and powerful cyborg.",1991,8.6,['James Cameron'],"['James Cameron', 'William Wisher']","['Arnold Schwarzenegger', 'Linda Hamilton', 'Edward Furlong']"
Star Wars: Episode IV - A New Hope,"Luke Skywalker joins forces with a Jedi Knight, a cocky pilot, a Wookiee and two droids to save the galaxy from the Empire's world-destroying battle station, while also attempting to rescue Princess Leia from the mysterious Darth Vader.",1977,8.6,['George Lucas'],[],"['Mark Hamill', 'Harrison Ford', 'Carrie Fisher']"
Back to the Future,"Marty McFly, a 17-year-old high school student, is accidentally sent 30 years into the past in a time-traveling DeLorean invented by his close friend, the maverick scientist Doc Brown.",1985,8.5,['Robert Zemeckis'],"['Robert Zemeckis', 'Bob Gale']","['Michael J. Fox', 'Christopher Lloyd', 'Lea Thompson']"
Spirited Away,"During her family's move to the suburbs, a sullen 10-year-old girl wanders into a world ruled by gods, witches and spirits, and where humans are changed into beasts.",2001,8.6,['Hayao Miyazaki'],[],"['Daveigh Chase', 'Suzanne Pleshette', 'Miyu Irino']"
The Pianist,"During WWII, acclaimed Polish musician Wladyslaw faces various struggles as he loses contact with his family. As the situation worsens, he hides in the ruins of Warsaw in order to survive.",2002,8.5,['Roman Polanski'],"['Ronald Harwood', 'Wladyslaw Szpilman']","['Adrien Brody', 'Thomas Kretschmann', 'Frank Finlay']"
Gladiator,A former Roman General sets out to exact vengeance against the corrupt emperor who murdered his family and sent him into slavery.,2000,8.5,['Ridley Scott'],"['David Franzoni', 'John Logan', 'William Nicholson']","['Russell Crowe', 'Joaquin Phoenix', 'Connie Nielsen']"
Parasite,Greed and class discrimination threaten the newly formed symbiotic relationship between the wealthy Park family and the destitute Kim clan.,2019,8.5,['Bong Joon Ho'],"['Bong Joon Ho', 'Han Jin-won']","['Song Kang-ho', 'Lee Sun-kyun', 'Cho Yeo-jeong']"
Psycho,A secretary on the run for embezzlement takes refuge at a secluded California motel owned by a repressed man and his overbearing mother.,1960,8.5,['Alfred Hitchcock'],"['Joseph Stefano', 'Robert Bloch']","['Anthony Perkins', 'Janet Leigh', 'Vera Miles']"
The Lion King,"Lion prince Simba and his father are targeted by his bitter uncle, who wants to ascend the throne himself.",1994,8.5,[],"['Irene Mecchi', 'Jonathan Roberts', 'Linda Woolverton']","['Matthew Broderick', 'Jeremy Irons', 'James Earl Jones']"
Grave of the Fireflies,A young boy and his little sister struggle to survive in Japan during World War II.,1988,8.5,['Isao Takahata'],"['Akiyuki Nosaka', 'Isao Takahata']","['Tsutomu Tatsumi', 'Ayano Shiraishi', 'Akemi Yamaguchi']"
The Departed,An undercover cop and a mole in the police attempt to identify each other while infiltrating an Irish gang in South Boston.,2006,8.5,['Martin Scorsese'],"['William Monahan', 'Alan Mak', 'Felix Chong']","['Leonardo DiCaprio', 'Matt Damon', 'Jack Nicholson']"
Whiplash,A promising young drummer enrolls at a cut-throat music conservatory where his dreams of greatness are mentored by an instructor who will stop at nothing to realize a student's potential.,2014,8.5,['Damien Chazelle'],[],"['Miles Teller', 'J.K. Simmons', 'Melissa Benoist']"
Harakiri,"When a ronin requesting seppuku at a feudal lord's palace is told of the brutal suicide of another ronin who previously visited, he reveals how their pasts are intertwined - and in doing so challenges the clan's integrity.",1962,8.6,['Masaki Kobayashi'],"['Yasuhiko Takiguchi', 'Shinobu Hashimoto']","['Tatsuya Nakadai', 'Akira Ishihama', 'Shima Iwashita']"
The Prestige,Rival 19th-century magicians engage in a bitter battle for trade secrets.,2006,8.5,['Christopher Nolan'],"['Jonathan Nolan', 'Christopher Nolan', 'Christopher Priest']","['Christian Bale', 'Hugh Jackman', 'Scarlett Johansson']"
American History X,"Living a life marked by violence, neo-Nazi Derek finally goes to prison after killing two black youths. Upon his release, Derek vows to change; he hopes to prevent his brother, Danny, who idolizes Derek, from following in his footsteps.",1998,8.5,['Tony Kaye'],[],"['Edward Norton', 'Edward Furlong', ""Beverly D'Angelo""]"
Léon: The Professional,An Italian hit man protects a New York orphan.,1994,8.5,['Luc Besson'],[],"['Jean Reno', 'Gary Oldman', 'Natalie Portman']"
Spider-Man: Across the Spider-Verse,"Traveling across the multiverse, Miles Morales meets a new team of Spider-People, made up of heroes from different dimensions. But when the heroes clash over how to deal with a new threat, Miles finds himself at a crossroads.",2023,8.5,[],"['Phil Lord', 'Christopher Miller', 'Dave Callaham']","['Shameik Moore', 'Hailee Steinfeld', 'Brian Tyree Henry']"
Casablanca,A cynical expatriate American cafe owner struggles to decide whether or not to help his former lover and her fugitive husband escape the Nazis in French Morocco.,1942,8.5,['Michael Curtiz'],"['Philip G. Epstein', 'Julius J. Epstein', 'Howard Koch']","['Humphrey Bogart', 'Ingrid Bergman', 'Paul Henreid']"
Cinema Paradiso,"Salvatore, a famous film director, returns to his hometown for the funeral of the local theater's film projectionist, Alfredo. He reminisces about his life as a young boy falling in love with cinema.",1988,8.5,['Giuseppe Tornatore'],"['Giuseppe Tornatore', 'Vanna Paoli']","['Philippe Noiret', 'Enzo Cannavale', 'Antonella Attili']"
The Usual Suspects,The sole survivor of a pier shoot-out tells the story of how a notorious criminal influenced the events that began with five criminals meeting in a seemingly random police lineup.,1995,8.5,['Bryan Singer'],[],"['Kevin Spacey', 'Gabriel Byrne', 'Chazz Palminteri']"
The Intouchables,"After he becomes a quadriplegic from a paragliding accident, an aristocrat hires a young man from the projects to be his caregiver.",2011,8.5,[],"['Olivier Nakache', 'Éric Toledano', 'Philippe Pozzo di Borgo']","['François Cluzet', 'Omar Sy', 'Anne Le Ny']"
Alien,"After investigating a mysterious transmission of unknown origin, the crew of a commercial spacecraft encounters a deadly lifeform.",1979,8.5,['Ridley Scott'],"[""Dan O'Bannon"", 'Ronald Shusett']","['Sigourney Weaver', 'Tom Skerritt', 'John Hurt']"
Modern Times,The Tramp struggles to live in modern industrial society with the help of a young homeless woman.,1936,8.5,['Charles Chaplin'],[],"['Charles Chaplin', 'Paulette Goddard', 'Henry Bergman']"
Rear Window,A bored photographer recovering from a broken leg passes the time by watching his neighbors and begins to suspect one of them of murder.,1954,8.5,['Alfred Hitchcock'],"['John Michael Hayes', 'Cornell Woolrich']","['James Stewart', 'Grace Kelly', 'Wendell Corey']"
Once Upon a Time in the West,A mysterious stranger with a harmonica joins forces with a notorious desperado to protect a beautiful widow from a ruthless assassin working for the railroad.,1968,8.5,['Sergio Leone'],"['Sergio Donati', 'Sergio Leone', 'Dario Argento']","['Henry Fonda', 'Charles Bronson', 'Claudia Cardinale']"
Django Unchained,"With the help of a German bounty-hunter, a freed slave sets out to rescue his wife from a brutal plantation owner in Mississippi.",2012,8.5,['Quentin Tarantino'],[],"['Jamie Foxx', 'Christoph Waltz', 'Leonardo DiCaprio']"
City Lights,"With the aid of a wealthy erratic tippler, a dewy-eyed tramp who has fallen in love with a sightless flower girl accumulates money to be able to help her medically.",1931,8.5,['Charles Chaplin'],"['Charles Chaplin', 'Harry Carr', 'Harry Crocker']","['Charles Chaplin', 'Virginia Cherrill', 'Florence Lee']"
Apocalypse Now,A U.S. Army officer serving in Vietnam is tasked with assassinating a renegade Special Forces Colonel who sees himself as a god.,1979,8.4,['Francis Ford Coppola'],"['John Milius', 'Francis Ford Coppola', 'Michael Herr']","['Martin Sheen', 'Marlon Brando', 'Robert Duvall']"
WALL·E,"A robot who is responsible for cleaning a waste-covered Earth meets another robot and falls in love with her. Together, they set out on a journey that will alter the fate of mankind.",2008,8.4,['Andrew Stanton'],"['Andrew Stanton', 'Pete Docter', 'Jim Reardon']","['Ben Burtt', 'Elissa Knight', 'Jeff Garlin']"
Memento,A former insurance investigator who now suffers from anterograde amnesia uses notes and tattoos to hunt down his wife's murderer.,2000,8.4,['Christopher Nolan'],"['Christopher Nolan', 'Jonathan Nolan']","['Guy Pearce', 'Carrie-Anne Moss', 'Joe Pantoliano']"
Dune: Part Two,"Paul Atreides unites with the Fremen while on a warpath of revenge against the conspirators who destroyed his family. Facing a choice between the love of his life and the fate of the universe, he endeavors to prevent a terrible future.",2024,8.5,['Denis Villeneuve'],"['Denis Villeneuve', 'Jon Spaihts', 'Frank Herbert']","['Timothée Chalamet', 'Zendaya', 'Rebecca Ferguson']"
Raiders of the Lost Ark,"In 1936, archaeologist Indiana Jones is tasked by Army Intelligence to help locate a legendary ancient power, the Ark of Covenant, before the Nazis get it first.",1981,8.4,['Steven Spielberg'],"['Lawrence Kasdan', 'George Lucas', 'Philip Kaufman']","['Harrison Ford', 'Karen Allen', 'Paul Freeman']"
Avengers: Infinity War,The Avengers and their allies must be willing to sacrifice all in an attempt to defeat the powerful Thanos before his blitz of devastation and ruin puts an end to the universe.,2018,8.4,[],"['Christopher Markus', 'Stephen McFeely', 'Stan Lee']","['Robert Downey Jr.', 'Chris Hemsworth', 'Mark Ruffalo']"
The Lives of Others,"In 1984 East Berlin, an agent of the secret police conducting surveillance on a writer and his lover finds himself becoming increasingly absorbed by their lives.",2006,8.4,['Florian Henckel von Donnersmarck'],[],"['Ulrich Mühe', 'Martina Gedeck', 'Sebastian Koch']"
Sunset Boulevard,A screenwriter develops a dangerous relationship with a faded film star determined to make a triumphant return.,1950,8.4,['Billy Wilder'],"['Charles Brackett', 'Billy Wilder', 'D.M. Marshman Jr.']","['William Holden', 'Gloria Swanson', 'Erich von Stroheim']"
Spider-Man: Into the Spider-Verse,Teen Miles Morales becomes the Spider-Man of his universe and must join with five spider-powered individuals from other dimensions to stop a threat for all realities.,2018,8.4,[],"['Phil Lord', 'Rodney Rothman']","['Shameik Moore', 'Jake Johnson', 'Hailee Steinfeld']"
Witness for the Prosecution,A veteran British barrister must defend his client in a murder trial that has surprise after surprise.,1957,8.4,['Billy Wilder'],"['Agatha Christie', 'Billy Wilder', 'Harry Kurnitz']","['Tyrone Power', 'Marlene Dietrich', 'Charles Laughton']"
Paths of Glory,A colonel defends three of his soldiers in a court-martial after they abandon a suicidal attack.,1957,8.4,['Stanley Kubrick'],"['Stanley Kubrick', 'Calder Willingham', 'Jim Thompson']","['Kirk Douglas', 'Ralph Meeker', 'Adolphe Menjou']"
The Shining,"A family heads to an isolated hotel for the winter, where a sinister presence influences the father into violence. At the same time, his psychic son sees horrifying forebodings from both the past and the future.",1980,8.4,['Stanley Kubrick'],"['Stephen King', 'Stanley Kubrick', 'Diane Johnson']","['Jack Nicholson', 'Shelley Duvall', 'Danny Lloyd']"
The Great Dictator,Dictator Adenoid Hynkel tries to expand his empire while a poor Jewish barber tries to avoid persecution from Hynkel's regime.,1940,8.4,['Charles Chaplin'],[],"['Charles Chaplin', 'Paulette Goddard', 'Jack Oakie']"
12th Fail,The real-life story of IPS Officer Manoj Kumar Sharma and IRS Officer Shraddha Joshi.,2023,8.7,['Vidhu Vinod Chopra'],"['Vidhu Vinod Chopra', 'Jaskunwar Kohli', 'Anurag Pathak']","['Vikrant Massey', 'Medha Shankr', 'Anant Joshi']"
Inglourious Basterds,"In Nazi-occupied France during World War II, a plan to assassinate Nazi leaders by a group of Jewish U.S. soldiers coincides with a theatre owner's vengeful plans for the same.",2009,8.4,['Quentin Tarantino'],[],"['Brad Pitt', 'Diane Kruger', 'Eli Roth']"
Aliens,"Decades after surviving the Nostromo incident, Ellen Ripley is sent out to re-establish contact with a terraforming colony but finds herself battling the Alien Queen and her offspring.",1986,8.4,['James Cameron'],"['James Cameron', 'David Giler', 'Walter Hill']","['Sigourney Weaver', 'Michael Biehn', 'Carrie Henn']"
The Dark Knight Rises,"Bane, an imposing terrorist, attacks Gotham City and disrupts its eight-year-long period of peace. This forces Bruce Wayne to come out of hiding and don the cape and cowl of Batman again.",2012,8.4,['Christopher Nolan'],"['Jonathan Nolan', 'Christopher Nolan', 'David S. Goyer']","['Christian Bale', 'Tom Hardy', 'Anne Hathaway']"
Coco,"Aspiring musician Miguel, confronted with his family's ancestral ban on music, enters the Land of the Dead to find his great-great-grandfather, a legendary singer.",2017,8.4,[],"['Lee Unkrich', 'Jason Katz', 'Matthew Aldrich']","['Anthony Gonzalez', 'Gael García Bernal', 'Benjamin Bratt']"
Amadeus,"The life and work of Wolfgang Amadeus Mozart seen through the eyes of his contemporary and rival, Antonio Salieri.",1984,8.4,['Milos Forman'],"['Peter Shaffer', 'Zdenek Mahler']","['F. Murray Abraham', 'Tom Hulce', 'Elizabeth Berridge']"
Avengers: Endgame,"After the devastating events of Avengers: Infinity War (2018), the universe is in ruins. With the help of remaining allies, the Avengers assemble once more in order to reverse Thanos' actions and restore balance to the universe.",2019,8.4,[],"['Christopher Markus', 'Stephen McFeely', 'Stan Lee']","['Robert Downey Jr.', 'Chris Evans', 'Mark Ruffalo']"
Toy Story,"A cowboy doll is profoundly jealous when a new spaceman action figure supplants him as the top toy in a boy's bedroom. When circumstances separate them from their owner, the duo have to put aside their differences to return to him.",1995,8.3,['John Lasseter'],"['John Lasseter', 'Pete Docter', 'Andrew Stanton']","['Tom Hanks', 'Tim Allen', 'Don Rickles']"
Good Will Hunting,"A therapist counsels Will Hunting, a janitor with a genius IQ.",1997,8.3,['Gus Van Sant'],"['Matt Damon', 'Ben Affleck']","['Robin Williams', 'Matt Damon', 'Ben Affleck']"
Dr. Strangelove or: How I Learned to Stop Worrying and Love the Bomb,"A mentally unstable American general orders a hydrogen bomb attack on the Soviet Union, triggering a path to global nuclear holocaust that a war room full of politicians and generals frantically tries to stop.",1964,8.3,['Stanley Kubrick'],"['Stanley Kubrick', 'Terry Southern', 'Peter George']","['Peter Sellers', 'George C. Scott', 'Sterling Hayden']"
Oldboy,"After being kidnapped and imprisoned for fifteen years, Oh Dae-Su is released, only to find that he must track down his captor in five days.",2003,8.3,['Park Chan-wook'],"['Garon Tsuchiya', 'Nobuaki Minegishi', 'Park Chan-wook']","['Choi Min-sik', 'Yoo Ji-tae', 'Kang Hye-jeong']"
Das Boot,A German U-boat stalks the frigid waters of the North Atlantic as its young crew experience the sheer terror and claustrophobic life of a submariner in World War II.,1981,8.4,['Wolfgang Petersen'],"['Wolfgang Petersen', 'Lothar G. Buchheim']","['Jürgen Prochnow', 'Herbert Grönemeyer', 'Klaus Wennemann']"
High and Low,An executive of a Yokohama shoe company becomes a victim of extortion when his chauffeur's son is kidnapped by mistake and held for ransom.,1963,8.4,['Akira Kurosawa'],"['Hideo Oguni', 'Ryûzô Kikushima', 'Eijirô Hisaita']","['Toshirô Mifune', 'Yutaka Sada', 'Tatsuya Nakadai']"
Braveheart,Scottish warrior William Wallace leads his countrymen in a rebellion to free his homeland from the tyranny of King Edward I of England.,1995,8.3,['Mel Gibson'],[],"['Mel Gibson', 'Sophie Marceau', 'Patrick McGoohan']"
American Beauty,A sexually frustrated suburban father has a mid-life crisis after becoming infatuated with his daughter's best friend.,1999,8.3,['Sam Mendes'],[],"['Kevin Spacey', 'Annette Bening', 'Thora Birch']"
Princess Mononoke,"While seeking to cure himself of a curse, young warrior Ashitaka stumbles into a conflict between the people of Iron Town and Princess Mononoke, a girl raised by wolves, who will stop at nothing to prevent the destruction of her home.",1997,8.3,['Hayao Miyazaki'],[],"['Yôji Matsuda', 'Yuriko Ishida', 'Yûko Tanaka']"
Your Name.,"Two teenagers share a profound, magical connection upon discovering they are swapping bodies. Things manage to become even more complicated when the boy and girl decide to meet in person.",2016,8.4,['Makoto Shinkai'],[],"['Ryûnosuke Kamiki', 'Mone Kamishiraishi', 'Ryo Narita']"
3 Idiots,"Two friends are searching for their long lost companion. They revisit their college days and recall the memories of their friend who inspired them to think differently, even as the rest of the world called them ""idiots"".",2009,8.4,['Rajkumar Hirani'],"['Abhijat Joshi', 'Rajkumar Hirani', 'Vidhu Vinod Chopra']","['Aamir Khan', 'Madhavan', 'Mona Singh']"
Joker,"Arthur Fleck, a party clown and a failed stand-up comedian, leads an impoverished life with his ailing mother. However, when society shuns him and brands him as a freak, he decides to embrace the life of chaos in Gotham City.",2019,8.3,['Todd Phillips'],"['Todd Phillips', 'Scott Silver', 'Bob Kane']","['Joaquin Phoenix', 'Robert De Niro', 'Zazie Beetz']"
Capernaum,"While serving a five-year sentence for a violent crime, a 12-year-old boy sues his parents for neglect.",2018,8.4,['Nadine Labaki'],"['Nadine Labaki', 'Jihad Hojeily', 'Michelle Keserwany']","['Zain Al Rafeea', 'Yordanos Shiferaw', 'Boluwatife Treasure Bankole']"
Once Upon a Time in America,"A former Prohibition-era Jewish gangster returns to the Lower East Side of Manhattan 35 years later, where he must once again confront the ghosts and regrets of his old life.",1984,8.3,['Sergio Leone'],"['Harry Grey', 'Leonardo Benvenuti', 'Piero De Bernardi']","['Robert De Niro', 'James Woods', 'Elizabeth McGovern']"
Singin' in the Rain,A silent film star falls for a chorus girl just as he and his delusionally jealous screen partner are trying to make the difficult transition to talking pictures in 1920s Hollywood.,1952,8.3,[],"['Betty Comden', 'Adolph Green']","['Gene Kelly', ""Donald O'Connor"", 'Debbie Reynolds']"
Come and See,"After finding an old rifle, a young boy joins the Soviet resistance movement against ruthless German forces and experiences the horrors of World War II.",1985,8.3,['Elem Klimov'],"['Ales Adamovich', 'Elem Klimov']","['Aleksey Kravchenko', 'Olga Mironova', 'Liubomiras Laucevicius']"
Requiem for a Dream,The drug-induced utopias of four Coney Island people are shattered when their addictions run deep.,2000,8.3,['Darren Aronofsky'],"['Hubert Selby Jr.', 'Darren Aronofsky']","['Ellen Burstyn', 'Jared Leto', 'Jennifer Connelly']"
Star Wars: Episode VI - Return of the Jedi,"After rescuing Han Solo from Jabba the Hutt, the Rebel Alliance attempts to destroy the second Death Star while Luke struggles to help Darth Vader back from the dark side.",1983,8.3,['Richard Marquand'],"['Lawrence Kasdan', 'George Lucas']","['Mark Hamill', 'Harrison Ford', 'Carrie Fisher']"
Toy Story 3,"The toys are mistakenly delivered to a day-care center instead of the attic right before Andy leaves for college, and it's up to Woody to convince the other toys that they weren't abandoned and to return home.",2010,8.3,['Lee Unkrich'],"['John Lasseter', 'Andrew Stanton', 'Lee Unkrich']","['Tom Hanks', 'Tim Allen', 'Joan Cusack']"
The Hunt,"A teacher lives a lonely life, all the while struggling over his son's custody. His life slowly gets better as he finds love and receives good news from his son, but his new luck is about to be brutally shattered by an innocent little lie.",2012,8.3,['Thomas Vinterberg'],"['Thomas Vinterberg', 'Tobias Lindholm']","['Mads Mikkelsen', 'Thomas Bo Larsen', 'Annika Wedderkopp']"
Ikiru,A bureaucrat tries to find meaning in his life after he discovers he has terminal cancer.,1952,8.3,['Akira Kurosawa'],"['Akira Kurosawa', 'Shinobu Hashimoto', 'Hideo Oguni']","['Takashi Shimura', 'Nobuo Kaneko', ""Shin'ichi Himori""]"
Eternal Sunshine of the Spotless Mind,"When their relationship turns sour, a couple undergoes a medical procedure to have each other erased from their memories forever.",2004,8.3,['Michel Gondry'],"['Charlie Kaufman', 'Michel Gondry', 'Pierre Bismuth']","['Jim Carrey', 'Kate Winslet', 'Tom Wilkinson']"
Incendies,Twins journey to the Middle East to discover their family history and fulfill their mother's last wishes.,2010,8.3,['Denis Villeneuve'],"['Wajdi Mouawad', 'Denis Villeneuve', 'Valérie Beaugrand-Champagne']","['Lubna Azabal', 'Mélissa Désormeaux-Poulin', 'Maxim Gaudette']"
2001: A Space Odyssey,"When a mysterious artifact is uncovered on the Moon, a spacecraft manned by two humans and one supercomputer is sent to Jupiter to find its origins.",1968,8.3,['Stanley Kubrick'],"['Stanley Kubrick', 'Arthur C. Clarke']","['Keir Dullea', 'Gary Lockwood', 'William Sylvester']"
The Apartment,"A Manhattan insurance clerk tries to rise in his company by letting its executives use his apartment for trysts, but office politics and his own romantic hopes complicate matters.",1960,8.3,['Billy Wilder'],"['Billy Wilder', 'I.A.L. Diamond']","['Jack Lemmon', 'Shirley MacLaine', 'Fred MacMurray']"
Lawrence of Arabia,"The story of T.E. Lawrence, the English officer who successfully united and led the diverse, often warring, Arab tribes during World War I in order to fight the Turks.",1962,8.3,['David Lean'],"['Robert Bolt', 'Michael Wilson']","[""Peter O'Toole"", 'Alec Guinness', 'Anthony Quinn']"
Reservoir Dogs,"When a simple jewelry heist goes horribly wrong, the surviving criminals begin to suspect that one of them is a police informant.",1992,8.3,['Quentin Tarantino'],"['Quentin Tarantino', 'Roger Avary']","['Harvey Keitel', 'Tim Roth', 'Michael Madsen']"
Scarface,"In the 1980s, a determined criminal-minded Cuban immigrant becomes the biggest drug smuggler in Miami, and is eventually undone by his own drug addiction.",1983,8.3,['Brian De Palma'],"['Oliver Stone', 'Howard Hawks', 'Ben Hecht']","['Al Pacino', 'Michelle Pfeiffer', 'Steven Bauer']"
Heat,A group of high-end professional thieves start to feel the heat from the LAPD when they unknowingly leave a verbal clue at their latest heist.,1995,8.3,['Michael Mann'],[],"['Al Pacino', 'Robert De Niro', 'Val Kilmer']"
Double Indemnity,"An insurance representative is seduced by a dissatisfied housewife into a scheme of insurance fraud and murder that arouses the suspicion of his colleague, a claims investigator.",1944,8.3,['Billy Wilder'],"['Billy Wilder', 'Raymond Chandler', 'James M. Cain']","['Fred MacMurray', 'Barbara Stanwyck', 'Edward G. Robinson']"
North by Northwest,"A New York City advertising executive goes on the run after being mistaken for a government agent by a group of foreign spies, and falls for a woman whose loyalties he begins to doubt.",1959,8.3,['Alfred Hitchcock'],[],"['Cary Grant', 'Eva Marie Saint', 'James Mason']"
Up,"78-year-old Carl Fredricksen travels to South America in his house equipped with balloons, inadvertently taking a young stowaway.",2009,8.3,[],"['Pete Docter', 'Bob Peterson', 'Tom McCarthy']","['Edward Asner', 'Jordan Nagai', 'John Ratzenberger']"
Citizen Kane,"Following the death of publishing tycoon Charles Foster Kane, reporters scramble to uncover the meaning of his final utterance: 'Rosebud.'",1941,8.3,['Orson Welles'],"['Herman J. Mankiewicz', 'Orson Welles', 'John Houseman']","['Orson Welles', 'Joseph Cotten', 'Dorothy Comingore']"
M,"When the police in a German city are unable to catch a child-murderer, other criminals join in the manhunt.",1931,8.3,['Fritz Lang'],"['Thea von Harbou', 'Fritz Lang', 'Egon Jacobsohn']","['Peter Lorre', 'Ellen Widmann', 'Inge Landgut']"
Full Metal Jacket,A pragmatic U.S. Marine observes the dehumanizing effects the Vietnam War has on his fellow recruits from their brutal boot camp training to the bloody street fighting in Hue.,1987,8.2,['Stanley Kubrick'],"['Stanley Kubrick', 'Michael Herr', 'Gustav Hasford']","['Matthew Modine', 'R. Lee Ermey', ""Vincent D'Onofrio""]"
Vertigo,"A former San Francisco police detective juggles wrestling with his personal demons and becoming obsessed with the hauntingly beautiful woman he has been hired to trail, who may be deeply disturbed.",1958,8.2,['Alfred Hitchcock'],"['Alec Coppel', 'Samuel A. Taylor', 'Pierre Boileau']","['James Stewart', 'Kim Novak', 'Barbara Bel Geddes']"
Amélie,"Despite being caught in her imaginative world, young waitress Amelie decides to help people find happiness. Her quest to spread joy leads her on a journey during which she finds true love.",2001,8.3,['Jean-Pierre Jeunet'],"['Guillaume Laurant', 'Jean-Pierre Jeunet']","['Audrey Tautou', 'Mathieu Kassovitz', 'Rufus']"
Taare Zameen Par,A young boy is thought to be nothing but a lazy troublemaker until the new art teacher has the patience and compassion to discover the real problem behind his struggles in school.,2007,8.3,['Aamir Khan'],[],"['Darsheel Safary', 'Aamir Khan', 'Tisca Chopra']"
A Separation,A married couple are faced with a difficult decision - to improve the life of their child by moving to another country or to stay in Iran and look after a deteriorating parent who has Alzheimer's disease.,2011,8.3,['Asghar Farhadi'],[],"['Payman Maadi', 'Leila Hatami', 'Sareh Bayat']"
To Kill a Mockingbird,A widowed lawyer in Depression-era Alabama defends a black man against a false rape charge while teaching his young children about the sad reality of prejudice.,1962,8.3,['Robert Mulligan'],"['Harper Lee', 'Horton Foote']","['Gregory Peck', 'John Megna', 'Frank Overton']"
Die Hard,"A New York City cop, John McClane, tries to save his estranged wife and several others taken hostage by terrorists during a Christmas Eve party at the Nakatomi Plaza Skyscraper in Los Angeles, California.",1988,8.2,['John McTiernan'],"['Roderick Thorp', 'Jeb Stuart', 'Steven E. de Souza']","['Bruce Willis', 'Alan Rickman', 'Bonnie Bedelia']"
The Chaos Class Failed the Class,A young and beautiful female teacher starts working in an all boys high school.,1975,8.7,['Ertem Egilmez'],"['Sadik Sendil', 'Rifat Ilgaz']","['Münir Özkul', 'Tarik Akan', 'Kemal Sunal']"
Indiana Jones and the Last Crusade,"In 1938, after his father goes missing while pursuing the Holy Grail, Indiana Jones finds himself up against the Nazis again to stop them from obtaining its powers.",1989,8.2,['Steven Spielberg'],"['Jeffrey Boam', 'George Lucas', 'Menno Meyjes']","['Harrison Ford', 'Sean Connery', 'Alison Doody']"
A Clockwork Orange,Alex DeLarge and his droogs barbarize a decaying near-future.,1971,8.2,['Stanley Kubrick'],"['Stanley Kubrick', 'Anthony Burgess']","['Malcolm McDowell', 'Patrick Magee', 'Michael Bates']"
The Sting,Two grifters team up to pull off the ultimate con.,1973,8.2,['George Roy Hill'],[],"['Paul Newman', 'Robert Redford', 'Robert Shaw']"
Metropolis,"In a futuristic city sharply divided between the working class and the city planners, the son of the city's mastermind falls in love with a working-class prophet who predicts the coming of a savior to mediate their differences.",1927,8.3,['Fritz Lang'],"['Thea von Harbou', 'Fritz Lang']","['Brigitte Helm', 'Alfred Abel', 'Gustav Fröhlich']"
Oppenheimer,"A dramatization of the life story of J. Robert Oppenheimer, the physicist who had a large hand in the development of the atomic bombs that brought an end to World War II.",2023,8.3,['Christopher Nolan'],"['Christopher Nolan', 'Kai Bird', 'Martin Sherwin']","['Cillian Murphy', 'Emily Blunt', 'Matt Damon']"
Snatch,"Unscrupulous boxing promoters, violent bookmakers, a Russian gangster, incompetent amateur robbers and supposedly Jewish jewelers fight to track down a priceless stolen diamond.",2000,8.2,['Guy Ritchie'],[],"['Jason Statham', 'Brad Pitt', 'Stephen Graham']"
1917,"April 6th, 1917. As an infantry battalion assembles to wage war deep in enemy territory, two soldiers are assigned to race against time and deliver a message that will stop 1,600 men from walking straight into a deadly trap.",2019,8.2,['Sam Mendes'],"['Sam Mendes', 'Krysty Wilson-Cairns']","['Dean-Charles Chapman', 'George MacKay', 'Daniel Mays']"
L.A. Confidential,"As corruption grows in 1950s Los Angeles, three policemen - one strait-laced, one brutal, and one sleazy - investigate a series of murders with their own brand of justice.",1997,8.2,['Curtis Hanson'],"['James Ellroy', 'Brian Helgeland', 'Curtis Hanson']","['Kevin Spacey', 'Russell Crowe', 'Guy Pearce']"
Bicycle Thieves,"In post-war Italy, a working-class man's bicycle is stolen, endangering his efforts to find work. He and his son set out to find it.",1948,8.2,['Vittorio De Sica'],"['Cesare Zavattini', 'Luigi Bartolini', 'Oreste Biancoli']","['Lamberto Maggiorani', 'Enzo Staiola', 'Lianella Carell']"
Downfall,"Traudl Junge, the final secretary for Adolf Hitler, tells of the Nazi dictator's final days in his Berlin bunker at the end of WWII.",2004,8.2,['Oliver Hirschbiegel'],"['Bernd Eichinger', 'Joachim Fest', 'Traudl Junge']","['Bruno Ganz', 'Alexandra Maria Lara', 'Ulrich Matthes']"
Dangal,"Mahavir Singh Phogat, a former wrestler, decides to fulfill his dream of winning a gold medal for his country by training his daughters for the Commonwealth Games despite the existing social stigmas.",2016,8.3,['Nitesh Tiwari'],"['Piyush Gupta', 'Shreyas Jain', 'Nikhil Mehrotra']","['Aamir Khan', 'Sakshi Tanwar', 'Fatima Sana Shaikh']"
The Wolf of Wall Street,"Based on the true story of Jordan Belfort, from his rise to a wealthy stock-broker living the high life to his fall involving crime, corruption and the federal government.",2013,8.2,['Martin Scorsese'],"['Terence Winter', 'Jordan Belfort']","['Leonardo DiCaprio', 'Jonah Hill', 'Margot Robbie']"
Hamilton,"The real life of one of America's foremost founding fathers and first Secretary of the Treasury, Alexander Hamilton. Captured live on Broadway from the Richard Rodgers Theater with the original Broadway cast.",2020,8.3,['Thomas Kail'],"['Lin-Manuel Miranda', 'Ron Chernow']","['Lin-Manuel Miranda', 'Phillipa Soo', 'Leslie Odom Jr.']"
Green Book,A working-class Italian-American bouncer becomes the driver for an African-American classical pianist on a tour of venues through the 1960s American South.,2018,8.2,['Peter Farrelly'],"['Nick Vallelonga', 'Brian Hayes Currie', 'Peter Farrelly']","['Viggo Mortensen', 'Mahershala Ali', 'Linda Cardellini']"
Taxi Driver,"A mentally unstable veteran works as a nighttime taxi driver in New York City, where the perceived decadence and sleaze fuels his urge for violent action.",1976,8.2,['Martin Scorsese'],[],"['Robert De Niro', 'Jodie Foster', 'Cybill Shepherd']"
Batman Begins,"After witnessing his parents' death, billionaire Bruce Wayne learns the art of fighting to confront injustice. When he returns to Gotham as Batman, he must stop a secret society that intends to destroy the city.",2005,8.2,['Christopher Nolan'],"['Bob Kane', 'David S. Goyer', 'Christopher Nolan']","['Christian Bale', 'Michael Caine', 'Ken Watanabe']"
The Truman Show,An insurance salesman begins to suspect that his whole life is actually some sort of reality TV show.,1998,8.2,['Peter Weir'],[],"['Jim Carrey', 'Ed Harris', 'Laura Linney']"
For a Few Dollars More,Two bounty killers with similar intentions but different motivations team up to track down a psychotic Mexican outlaw before he and his gang can carry out an audacious bank robbery.,1965,8.2,['Sergio Leone'],"['Sergio Leone', 'Fulvio Morsella', 'Luciano Vincenzoni']","['Clint Eastwood', 'Lee Van Cleef', 'Gian Maria Volontè']"
Judgment at Nuremberg,"Fictionalized depiction of the 1947 Judges' Trial, the third of 12 trials of Nazi war criminals conducted by the American occupying forces in Nuremberg, Germany, in which former judges of Nazi Germany were tried for their actions.",1961,8.3,['Stanley Kramer'],"['Abby Mann', 'Montgomery Clift']","['Spencer Tracy', 'Burt Lancaster', 'Richard Widmark']"
Some Like It Hot,"After two male musicians witness a mob hit, they flee the state in an all-female band disguised as women, but further complications set in.",1959,8.2,['Billy Wilder'],"['Billy Wilder', 'I.A.L. Diamond', 'Robert Thoeren']","['Marilyn Monroe', 'Tony Curtis', 'Jack Lemmon']"
Shutter Island,Two US marshals are sent to a mental institution on an inhospitable island in order to investigate the disappearance of a patient.,2010,8.2,['Martin Scorsese'],"['Laeta Kalogridis', 'Dennis Lehane']","['Leonardo DiCaprio', 'Emily Mortimer', 'Mark Ruffalo']"
The Kid,"The Tramp cares for an abandoned child, but events put their relationship in jeopardy.",1921,8.2,['Charles Chaplin'],[],"['Charles Chaplin', 'Edna Purviance', 'Jackie Coogan']"
The Father,"A man refuses all assistance from his daughter as he ages. When he tries to understand what is happening around him, he begins to doubt his loved ones, his own mind and even the fabric of his reality.",2020,8.2,['Florian Zeller'],"['Christopher Hampton', 'Florian Zeller']","['Anthony Hopkins', 'Olivia Colman', 'Mark Gatiss']"
Jurassic Park,"An industrialist invites some experts to visit his theme park of cloned dinosaurs. After a power failure, the creatures run loose, putting everyone's lives, including his grandchildren's, in danger.",1993,8.2,['Steven Spielberg'],"['Michael Crichton', 'David Koepp']","['Sam Neill', 'Laura Dern', 'Jeff Goldblum']"
All About Eve,A seemingly timid but secretly ruthless ingénue insinuates herself into the lives of an aging Broadway star and her circle of theater friends.,1950,8.2,['Joseph L. Mankiewicz'],"['Joseph L. Mankiewicz', 'Mary Orr']","['Bette Davis', 'Anne Baxter', 'George Sanders']"
There Will Be Blood,"A story of family, religion, hatred, oil and madness, focusing on a turn-of-the-century prospector in the early days of the business.",2007,8.2,['Paul Thomas Anderson'],"['Paul Thomas Anderson', 'Upton Sinclair']","['Daniel Day-Lewis', 'Paul Dano', 'Ciarán Hinds']"
The Sixth Sense,"After being shot by a resentful former patient whom he failed to help, a Philadelphia child psychologist seeks redemption by treating a young boy with a disturbing secret.",1999,8.2,['M. Night Shyamalan'],[],"['Bruce Willis', 'Haley Joel Osment', 'Toni Collette']"
Ran,"In Medieval Japan, an elderly warlord retires, handing over his empire to his three sons. However, he vastly underestimates how the new-found power will corrupt them and cause them to turn on each other...and him.",1985,8.2,['Akira Kurosawa'],"['Akira Kurosawa', 'Hideo Oguni', 'Masato Ide']","['Tatsuya Nakadai', 'Akira Terao', 'Jinpachi Nezu']"
Casino,"In Las Vegas, two best friends--a casino executive and a Mafia enforcer--compete for a gambling empire and a fast-living, fast-loving socialite.",1995,8.2,['Martin Scorsese'],"['Nicholas Pileggi', 'Martin Scorsese']","['Robert De Niro', 'Sharon Stone', 'Joe Pesci']"
Top Gun: Maverick,"The story involves Maverick confronting his past while training a group of younger Top Gun graduates, including the son of his deceased best friend, for a dangerous mission.",2022,8.2,['Joseph Kosinski'],"['Jim Cash', 'Jack Epps Jr.', 'Peter Craig']","['Tom Cruise', 'Jennifer Connelly', 'Miles Teller']"
No Country for Old Men,Violence and mayhem ensue after a hunter stumbles upon the aftermath of a drug deal gone wrong and over two million dollars in cash near the Rio Grande.,2007,8.2,[],"['Joel Coen', 'Ethan Coen', 'Cormac McCarthy']","['Tommy Lee Jones', 'Javier Bardem', 'Josh Brolin']"
The Thing,A research team in Antarctica is hunted by a shape-shifting alien that assumes the appearance of its victims.,1982,8.2,['John Carpenter'],"['Bill Lancaster', 'John W. Campbell Jr.']","['Kurt Russell', 'Wilford Brimley', 'Keith David']"
Unforgiven,"Retired Old West gunslinger Will Munny reluctantly takes on one last job to avenge an injustice with the help of his old partner and a young would-be gunman calling himself ""The Schofield Kid"".",1992,8.2,['Clint Eastwood'],[],"['Clint Eastwood', 'Gene Hackman', 'Morgan Freeman']"
Pan's Labyrinth,"In 1944 Spain, a girl is sent to live with her ruthless stepfather. During the night, she meets a fairy who takes her to an old faun. He tells her she's a princess, but must prove her royalty by surviving three gruesome tasks.",2006,8.2,['Guillermo del Toro'],[],"['Ivana Baquero', 'Ariadna Gil', 'Sergi López']"
Kill Bill: Vol. 1,"After waking from a four-year coma, a former assassin wreaks vengeance on the team of assassins who betrayed her.",2003,8.2,['Quentin Tarantino'],"['Quentin Tarantino', 'Uma Thurman']","['Uma Thurman', 'David Carradine', 'Daryl Hannah']"
A Beautiful Mind,"A mathematical genius, John Nash made an astonishing discovery early in his career and stood on the brink of international acclaim. But the handsome and arrogant Nash soon found himself on a harrowing journey of self-discovery.",2001,8.2,['Ron Howard'],"['Akiva Goldsman', 'Sylvia Nasar']","['Russell Crowe', 'Ed Harris', 'Jennifer Connelly']"
Prisoners,A desperate father takes the law into his own hands after police fail to find two kidnapped girls.,2013,8.2,['Denis Villeneuve'],[],"['Hugh Jackman', 'Jake Gyllenhaal', 'Viola Davis']"
The Treasure of the Sierra Madre,Two down-on-their-luck Americans searching for work in 1920s Mexico convince an old prospector to help them mine for gold in the Sierra Madre Mountains.,1948,8.2,['John Huston'],"['John Huston', 'B. Traven']","['Humphrey Bogart', 'Walter Huston', 'Tim Holt']"
Yojimbo,A crafty ronin comes to a town divided by two criminal gangs and decides to play them against each other to free the town.,1961,8.2,['Akira Kurosawa'],"['Akira Kurosawa', 'Ryûzô Kikushima']","['Toshirô Mifune', 'Eijirô Tôno', 'Tatsuya Nakadai']"
Finding Nemo,"After his son is captured in the Great Barrier Reef and taken to Sydney, a timid clownfish sets out on a journey to bring him home.",2003,8.2,[],"['Andrew Stanton', 'Bob Peterson', 'David Reynolds']","['Albert Brooks', 'Ellen DeGeneres', 'Alexander Gould']"
Howl's Moving Castle,"When an unconfident young woman is cursed with an old body by a spiteful witch, her only chance of breaking the spell lies with a self-indulgent yet insecure young wizard and his companions in his legged, walking castle.",2004,8.2,['Hayao Miyazaki'],"['Hayao Miyazaki', 'Diana Wynne Jones']","['Chieko Baishô', 'Takuya Kimura', 'Tatsuya Gashûin']"
The Great Escape,"Allied officers in a German prisoner of war camp during World War II making a daring plan for a mass escape by hundreds of their men, hoping to draw German personnel and resources away from combat operations.",1963,8.2,['John Sturges'],"['Paul Brickhill', 'James Clavell', 'W.R. Burnett']","['Steve McQueen', 'James Garner', 'Richard Attenborough']"
Monty Python and the Holy Grail,"King Arthur and his Knights of the Round Table embark on a surreal, low-budget search for the Holy Grail, encountering many, very silly obstacles.",1975,8.2,[],"['Graham Chapman', 'John Cleese', 'Eric Idle']","['Graham Chapman', 'John Cleese', 'Eric Idle']"
The Elephant Man,"A Victorian surgeon rescues a heavily disfigured man who is mistreated while scraping a living as a side-show freak. Behind his monstrous façade, there is revealed a person of kindness, intelligence and sophistication.",1980,8.2,['David Lynch'],"['Christopher De Vore', 'Eric Bergren', 'David Lynch']","['Anthony Hopkins', 'John Hurt', 'Anne Bancroft']"
Dial M for Murder,"A London playboy plots the perfect murder of his rich, unfaithful Wife.",1954,8.2,['Alfred Hitchcock'],[],"['Ray Milland', 'Grace Kelly', 'Robert Cummings']"
Klaus,"A simple act of kindness always sparks another, even in a frozen, faraway place. When Smeerensburg's new postman, Jesper, befriends toymaker Klaus, their gifts melt an age-old feud and deliver a sleigh full of holiday traditions.",2019,8.2,[],"['Sergio Pablos', 'Jim Mahoney', 'Zach Lewis']","['Jason Schwartzman', 'J.K. Simmons', 'Rashida Jones']"
Gone with the Wind,A sheltered and manipulative Southern belle and a roguish profiteer face off in a turbulent romance as the society around them crumbles with the end of slavery and is rebuilt during the Civil War and Reconstruction periods.,1939,8.2,['Victor Fleming'],"['Margaret Mitchell', 'Sidney Howard', 'Oliver H.P. Garrett']","['Clark Gable', 'Vivien Leigh', 'Thomas Mitchell']"
Chinatown,"A private detective hired to expose an adulterer in 1930s Los Angeles finds himself caught up in a web of deceit, corruption, and murder.",1974,8.1,['Roman Polanski'],"['Robert Towne', 'Roman Polanski']","['Jack Nicholson', 'Faye Dunaway', 'John Huston']"
The Secret in Their Eyes,"A retired legal counselor writes a novel hoping to find closure for one of his past unresolved homicide cases, and for his unreciprocated love with his superior--both of which still haunt him decades later.",2009,8.2,['Juan José Campanella'],"['Eduardo Sacheri', 'Juan José Campanella']","['Ricardo Darín', 'Soledad Villamil', 'Pablo Rago']"
"Lock, Stock and Two Smoking Barrels","When four small-time criminals lose a rigged poker game against a London kingpin, he gives them one week to settle their enormous debt.",1998,8.1,['Guy Ritchie'],[],"['Jason Flemyng', 'Dexter Fletcher', 'Nick Moran']"
Rashomon,"The rape of a bride and the murder of her samurai husband are recalled from the perspectives of a bandit, the bride, the samurai's ghost and a woodcutter.",1950,8.2,['Akira Kurosawa'],"['Ryûnosuke Akutagawa', 'Akira Kurosawa', 'Shinobu Hashimoto']","['Toshirô Mifune', 'Machiko Kyô', 'Masayuki Mori']"
V for Vendetta,"In a future British dystopian society, a shadowy freedom fighter, known only by the alias of ""V"", plots to overthrow the tyrannical government - with the help of a young woman.",2005,8.1,['James McTeigue'],"['Lilly Wachowski', 'Lana Wachowski', 'David Lloyd']","['Hugo Weaving', 'Natalie Portman', 'Rupert Graves']"
Inside Out,"After young Riley is uprooted from her Midwest life and moved to San Francisco, her emotions - Joy, Fear, Anger, Disgust and Sadness - conflict on how best to navigate a new city, house, and school.",2015,8.1,[],"['Pete Docter', 'Ronnie Del Carmen', 'Meg LeFauve']","['Amy Poehler', 'Bill Hader', 'Lewis Black']"
"Three Billboards Outside Ebbing, Missouri",A mother personally challenges the local authorities to solve her daughter's murder when they fail to catch the culprit.,2017,8.1,['Martin McDonagh'],[],"['Frances McDormand', 'Woody Harrelson', 'Sam Rockwell']"
Catch Me If You Can,"Barely 17 yet, Frank is a skilled forger who has passed as a doctor, lawyer and pilot. FBI agent Carl becomes obsessed with tracking down the con man, who only revels in the pursuit.",2002,8.1,['Steven Spielberg'],"['Frank Abagnale Jr.', 'Stan Redding', 'Jeff Nathanson']","['Leonardo DiCaprio', 'Tom Hanks', 'Christopher Walken']"
Trainspotting,"Renton, deeply immersed in the Edinburgh drug scene, tries to clean up and get out despite the allure of drugs and the influence of friends.",1996,8.1,['Danny Boyle'],"['Irvine Welsh', 'John Hodge']","['Ewan McGregor', 'Ewen Bremner', 'Jonny Lee Miller']"
The Bridge on the River Kwai,"British POWs are forced to build a railway bridge across the river Kwai for their Japanese captors in occupied Burma, not knowing that the allied forces are planning a daring commando raid through the jungle to destroy it.",1957,8.1,['David Lean'],"['Pierre Boulle', 'Carl Foreman', 'Michael Wilson']","['William Holden', 'Alec Guinness', 'Jack Hawkins']"
Raging Bull,"The life of boxer Jake LaMotta, whose violence and temper that led him to the top in the ring destroyed his life outside of it.",1980,8.1,['Martin Scorsese'],"['Jake LaMotta', 'Joseph Carter', 'Peter Savage']","['Robert De Niro', 'Cathy Moriarty', 'Joe Pesci']"
The Wild Robot,"After a shipwreck, an intelligent robot called Roz is stranded on an uninhabited island. To survive the harsh environment, Roz bonds with the island's animals and cares for an orphaned baby goose.",2024,8.2,['Chris Sanders'],"['Chris Sanders', 'Peter Brown']","[""Lupita Nyong'o"", 'Pedro Pascal', 'Kit Connor']"
Fargo,Minnesota car salesman Jerry Lundegaard's inept crime falls apart due to his and his henchmen's bungling and the persistent police work of the quite pregnant Marge Gunderson.,1996,8.1,[],"['Ethan Coen', 'Joel Coen']","['William H. Macy', 'Frances McDormand', 'Steve Buscemi']"
Harry Potter and the Deathly Hallows: Part 2,"As the battle between the forces of good and evil in the wizarding world escalates, Harry Potter draws ever closer to his final confrontation with Voldemort.",2011,8.1,['David Yates'],"['Steve Kloves', 'J.K. Rowling']","['Daniel Radcliffe', 'Emma Watson', 'Rupert Grint']"
Warrior,"The youngest son of an alcoholic former boxer returns home, where he's trained by his father for competition in a mixed martial arts tournament - a path that puts the fighter on a collision course with his estranged, older brother.",2011,8.1,"[""Gavin O'Connor""]","[""Gavin O'Connor"", 'Anthony Tambakis', 'Cliff Dorfman']","['Tom Hardy', 'Nick Nolte', 'Joel Edgerton']"
Gran Torino,"After a Hmong teenager tries to steal his prized 1972 Gran Torino, a disgruntled, prejudiced Korean War veteran seeks to redeem both the boy and himself.",2008,8.1,['Clint Eastwood'],"['Nick Schenk', 'Dave Johannson']","['Clint Eastwood', 'Bee Vang', 'Christopher Carley']"
Million Dollar Baby,"Frankie, an ill-tempered old coach, reluctantly agrees to train aspiring boxer Maggie. Impressed with her determination and talent, he helps her become the best and the two soon form a close bond.",2004,8.1,['Clint Eastwood'],"['Paul Haggis', 'F.X. Toole']","['Hilary Swank', 'Clint Eastwood', 'Morgan Freeman']"
Ben-Hur,"A Jewish prince is betrayed and sent into slavery by a Roman friend in 1st-century Jerusalem, but it's not long before he regains his freedom and comes back for revenge.",1959,8.1,['William Wyler'],"['Lew Wallace', 'Karl Tunberg', 'Gore Vidal']","['Charlton Heston', 'Jack Hawkins', 'Stephen Boyd']"
Mad Max: Fury Road,"In a post-apocalyptic wasteland, a woman rebels against a tyrannical ruler in search for her homeland with the aid of a group of female prisoners, a psychotic worshipper and a drifter named Max.",2015,8.1,['George Miller'],"['George Miller', 'Brendan McCarthy', 'Nick Lathouris']","['Tom Hardy', 'Charlize Theron', 'Nicholas Hoult']"
My Neighbor Totoro,"When two girls move to the country to be near their ailing mother, they have adventures with the wondrous forest spirits who live nearby.",1988,8.1,['Hayao Miyazaki'],[],"['Hitoshi Takagi', 'Noriko Hidaka', 'Chika Sakamoto']"
Dead Poets Society,"Maverick teacher John Keating returns in 1959 to the prestigious New England boys' boarding school where he was once a star student, using poetry to embolden his pupils to new heights of self-expression.",1989,8.1,['Peter Weir'],[],"['Robin Williams', 'Robert Sean Leonard', 'Ethan Hawke']"
Barry Lyndon,An Irish rogue wins the heart of a rich widow and assumes her dead husband's aristocratic position in 18th-century England.,1975,8.1,['Stanley Kubrick'],"['Stanley Kubrick', 'William Makepeace Thackeray']","[""Ryan O'Neal"", 'Marisa Berenson', 'Patrick Magee']"
Children of Heaven,"After a boy loses his sister's pair of shoes, he goes on a series of adventures in order to find them. When he can't, he tries a new way to ""win"" a new pair.",1997,8.2,['Majid Majidi'],[],"['Reza Naji', 'Amir Farrokh Hashemian', 'Bahare Seddiqi']"
Hacksaw Ridge,"World War II American Army Medic Desmond T. Doss, serving during the Battle of Okinawa, refuses to kill people and becomes the first man in American history to receive the Medal of Honor without firing a shot.",2016,8.1,['Mel Gibson'],"['Robert Schenkkan', 'Andrew Knight']","['Andrew Garfield', 'Sam Worthington', 'Luke Bracey']"
Spider-Man: No Way Home,"With Spider-Man's identity now revealed, Peter asks Doctor Strange for help. When a spell goes wrong, dangerous foes from other worlds start to appear.",2021,8.2,['Jon Watts'],"['Chris McKenna', 'Erik Sommers', 'Stan Lee']","['Tom Holland', 'Zendaya', 'Benedict Cumberbatch']"
The Grand Budapest Hotel,"A writer encounters the owner of an aging high-class hotel, who tells him of his early years serving as a lobby boy in the hotel's glorious years under an exceptional concierge.",2014,8.1,['Wes Anderson'],"['Stefan Zweig', 'Wes Anderson', 'Hugo Guinness']","['Ralph Fiennes', 'F. Murray Abraham', 'Mathieu Amalric']"
12 Years a Slave,"In the antebellum United States, Solomon Northup, a free black man from upstate New York, is abducted and sold into slavery.",2013,8.1,['Steve McQueen'],"['John Ridley', 'Solomon Northup']","['Chiwetel Ejiofor', 'Michael Kenneth Williams', 'Michael Fassbender']"
Before Sunrise,"A young man and woman meet on a train in Europe, and wind up spending one evening together in Vienna. Unfortunately, both know that this will probably be their only night together.",1995,8.1,['Richard Linklater'],"['Richard Linklater', 'Kim Krizan']","['Ethan Hawke', 'Julie Delpy', 'Andrea Eckert']"
Blade Runner,A blade runner must pursue and terminate four replicants who stole a ship in space and have returned to Earth to find their creator.,1982,8.1,['Ridley Scott'],"['Hampton Fancher', 'David Webb Peoples', 'Philip K. Dick']","['Harrison Ford', 'Rutger Hauer', 'Sean Young']"
Memories of Murder,"In a small Korean province in 1986, two detectives struggle with the case of multiple young women being found raped and murdered by an unknown culprit.",2003,8.1,['Bong Joon Ho'],"['Bong Joon Ho', 'Kwang-rim Kim', 'Sung-bo Shim']","['Song Kang-ho', 'Kim Sang-kyung', 'Kim Roe-ha']"
Gone Girl,The husband of a missing woman becomes the chief suspect in her disappearance.,2014,8.1,['David Fincher'],[],"['Ben Affleck', 'Rosamund Pike', 'Neil Patrick Harris']"
Ratatouille,A rat who can cook makes an unusual alliance with a young kitchen worker at a famous Paris restaurant.,2007,8.1,[],"['Brad Bird', 'Jan Pinkava', 'Jim Capobianco']","['Brad Garrett', 'Lou Romano', 'Patton Oswalt']"
How to Train Your Dragon,"A hapless young Viking who aspires to hunt dragons becomes the unlikely friend of a young dragon himself, and learns there may be more to the creatures than he assumed.",2010,8.1,[],"['William Davies', 'Dean DeBlois', 'Chris Sanders']","['Jay Baruchel', 'Gerard Butler', 'Christopher Mintz-Plasse']"
"Monsters, Inc.","In order to power the city, monsters have to scare children so that they scream. However, the children are toxic to the monsters, and after a child gets through, two monsters realize things may not be what they think.",2001,8.1,[],"['Pete Docter', 'Jill Culton', 'Jeff Pidgeon']","['Billy Crystal', 'John Goodman', 'Mary Gibbs']"
In the Name of the Father,"An Irish man's coerced confession to an I.R.A. bombing he did not commit results in the imprisonment of his father as well. Meanwhile, a British lawyer fights to clear their names and free them.",1993,8.1,['Jim Sheridan'],"['Gerry Conlon', 'Terry George', 'Jim Sheridan']","['Daniel Day-Lewis', 'Pete Postlethwaite', 'Alison Crosbie']"
Jaws,"When a massive killer shark unleashes chaos on a beach community off Long Island, it's up to the local police chief, a marine biologist, and an old seafarer to hunt the beast down.",1975,8.1,['Steven Spielberg'],"['Peter Benchley', 'Carl Gottlieb']","['Roy Scheider', 'Robert Shaw', 'Richard Dreyfuss']"
Wild Tales,Six short stories that explore the extremities of human behavior involving people in distress.,2014,8.1,['Damián Szifron'],"['Julian Loyola', 'Damián Szifron', 'Germán Servidio']","['Darío Grandinetti', 'María Marull', 'Mónica Villa']"
The Gold Rush,"A prospector goes to the Klondike during the 1890s gold rush in hopes of making his fortune, and is smitten with a girl he sees in a dance hall.",1925,8.1,['Charles Chaplin'],[],"['Charles Chaplin', 'Mack Swain', 'Tom Murray']"
Sherlock Jr.,"A film projectionist longs to be a detective, and puts his meagre skills to work when he is framed by a rival for stealing his girlfriend's father's pocketwatch.",1924,8.2,['Buster Keaton'],"['Jean C. Havez', 'Joseph A. Mitchell', 'Clyde Bruckman']","['Buster Keaton', 'Kathryn McGuire', 'Joe Keaton']"
Ford v Ferrari,American car designer Carroll Shelby and driver Ken Miles battle corporate interference and the laws of physics to build a revolutionary race car for Ford in order to defeat Ferrari at the 24 Hours of Le Mans in 1966.,2019,8.1,['James Mangold'],"['Jez Butterworth', 'John-Henry Butterworth', 'Jason Keller']","['Matt Damon', 'Christian Bale', 'Jon Bernthal']"
Mary and Max,"In 1976 Melbourne, a lonely 8-year-old girl strikes up a correspondence with an unlikely pen pal: a severely obese 44-year-old New Yorker with Asperger's syndrome.",2009,8.1,['Adam Elliot'],[],"['Toni Collette', 'Philip Seymour Hoffman', 'Eric Bana']"
The Deer Hunter,An in-depth examination of the ways in which the Vietnam War impacts and disrupts the lives of several friends in a small steel mill town in Pennsylvania.,1978,8.1,['Michael Cimino'],"['Michael Cimino', 'Deric Washburn', 'Louis Garfinkle']","['Robert De Niro', 'Christopher Walken', 'John Cazale']"
The Wages of Fear,"In a decrepit South American village, four men are hired to transport an urgent nitroglycerine shipment without the equipment that would make it safe.",1953,8.1,['Henri-Georges Clouzot'],"['Georges Arnaud', 'Henri-Georges Clouzot', 'Jérôme Géronimi']","['Yves Montand', 'Charles Vanel', 'Peter van Eyck']"
The General,"After being rejected by the Confederate military, not realizing it was due to his crucial civilian role, an engineer must single-handedly recapture his beloved locomotive after it is seized by Union spies and return it through enemy lines.",1926,8.1,[],"['Buster Keaton', 'Clyde Bruckman', 'Al Boasberg']","['Buster Keaton', 'Marion Mack', 'Glen Cavender']"
Mr. Smith Goes to Washington,"A naive youth leader is appointed to fill a vacancy in the U.S. Senate. His idealistic plans promptly collide with corruption at home and subterfuge from his hero in Washington, but he tries to forge ahead despite attacks on his character.",1939,8.1,['Frank Capra'],"['Sidney Buchman', 'Lewis R. Foster', 'Myles Connolly']","['James Stewart', 'Jean Arthur', 'Claude Rains']"
On the Waterfront,"An ex-prize fighter turned New Jersey longshoreman struggles to stand up to his corrupt union bosses, including his older brother, as he starts to connect with the grieving sister of one of the syndicate's victims.",1954,8.1,['Elia Kazan'],"['Budd Schulberg', 'Malcolm Johnson', 'Robert Siodmak']","['Marlon Brando', 'Karl Malden', 'Lee J. Cobb']"
Logan,"In a future where mutants are nearly extinct, an elderly and weary Logan leads a quiet life. But when Laura, a mutant child pursued by scientists, comes to him for help, he must get her to safety.",2017,8.1,['James Mangold'],"['James Mangold', 'Scott Frank', 'Michael Green']","['Hugh Jackman', 'Patrick Stewart', 'Dafne Keen']"
Wild Strawberries,"After living a life marked by coldness, an aging professor is forced to confront the emptiness of his existence.",1957,8.1,['Ingmar Bergman'],[],"['Victor Sjöström', 'Bibi Andersson', 'Ingrid Thulin']"
Rocky,A small-time Philadelphia boxer gets a supremely rare chance to fight the world heavyweight champion in a bout in which he strives to go the distance for his self-respect.,1976,8.1,['John G. Avildsen'],[],"['Sylvester Stallone', 'Talia Shire', 'Burt Young']"
Tokyo Story,"An old couple visit their children and grandchildren in the city, but receive little attention.",1953,8.1,['Yasujirô Ozu'],"['Kôgo Noda', 'Yasujirô Ozu']","['Chishû Ryû', 'Chieko Higashiyama', 'Sô Yamamura']"
The Third Man,"Pulp novelist Holly Martins travels to shadowy, postwar Vienna, only to find himself investigating the mysterious death of an old friend, Harry Lime.",1949,8.1,['Carol Reed'],"['Graham Greene', 'Orson Welles', 'Alexander Korda']","['Orson Welles', 'Joseph Cotten', 'Alida Valli']"
Spotlight,"The true story of how the Boston Globe uncovered the massive scandal of child molestation and cover-up within the local Catholic Archdiocese, shaking the entire Catholic Church to its core.",2015,8.1,['Tom McCarthy'],"['Josh Singer', 'Tom McCarthy']","['Mark Ruffalo', 'Michael Keaton', 'Rachel McAdams']"
Pirates of the Caribbean: The Curse of the Black Pearl,"Blacksmith Will Turner teams up with eccentric pirate ""Captain"" Jack Sparrow to save Elizabeth Swann, the governor's daughter and his love, from Jack's former pirate allies, who are now undead.",2003,8.1,['Gore Verbinski'],"['Ted Elliott', 'Terry Rossio', 'Stuart Beattie']","['Johnny Depp', 'Geoffrey Rush', 'Orlando Bloom']"
The Terminator,A cyborg assassin from the future attempts to find and kill a young woman who is destined to give birth to a warrior that will lead a resistance to save humankind from extinction.,1984,8.1,['James Cameron'],"['James Cameron', 'Gale Anne Hurd', 'William Wisher']","['Arnold Schwarzenegger', 'Linda Hamilton', 'Michael Biehn']"
Maharaja,"A barber seeks vengeance after his home is burglarized, cryptically telling police his ""lakshmi"" has been taken, leaving them uncertain if it's a person or object. His quest to recover the elusive ""lakshmi"" unfolds.",2024,8.4,['Nithilan Saminathan'],[],"['Vijay Sethupathi', 'Anurag Kashyap', 'Mamta Mohandas']"
The Big Lebowski,"Jeff ""The Dude"" Lebowski, mistaken for a millionaire of the same name, seeks restitution for his ruined rug and enlists his bowling buddies to help get it.",1998,8.1,[],"['Ethan Coen', 'Joel Coen']","['Jeff Bridges', 'John Goodman', 'Julianne Moore']"
The Seventh Seal,"A knight returning to Sweden after the Crusades seeks answers about life, death, and the existence of God as he plays chess against the Grim Reaper during the Black Plague.",1957,8.1,['Ingmar Bergman'],[],"['Max von Sydow', 'Gunnar Björnstrand', 'Bengt Ekerot']"
La haine,24 hours in the lives of three young men in the French suburbs the day after a violent riot.,1995,8.1,['Mathieu Kassovitz'],[],"['Vincent Cassel', 'Hubert Koundé', 'Saïd Taghmaoui']"
Room,"A little boy is held captive in a room with his mother since his birth, so he has never known the world outside.",2015,8.1,['Lenny Abrahamson'],[],"['Brie Larson', 'Jacob Tremblay', 'Sean Bridgers']"
Jai Bhim,"When a tribal man is arrested for a case of alleged theft, his wife turns to a human-rights lawyer to help bring justice.",2021,8.6,['T.J. Gnanavel'],"['T.J. Gnanavel', 'Rajendra Sapre']","['Suriya', 'Lijo Mol Jose', 'Manikandan K.']"
Hotel Rwanda,"Paul Rusesabagina, a hotel manager, houses over a thousand Tutsi refugees during their struggle against the Hutu militia in Rwanda, Africa.",2004,8.1,['Terry George'],"['Keir Pearson', 'Terry George']","['Don Cheadle', 'Sophie Okonedo', 'Joaquin Phoenix']"
Platoon,"Chris Taylor, a neophyte recruit in Vietnam, finds himself caught in a battle of wills between two sergeants, one good and the other evil. A shrewd examination of the brutality of war and the duality of man in conflict.",1986,8.1,['Oliver Stone'],[],"['Charlie Sheen', 'Tom Berenger', 'Willem Dafoe']"
The Best Years of Our Lives,"Three World War II veterans, two of them traumatized or disabled, return home to the American Midwest to discover that they and their families have been irreparably changed.",1946,8.1,['William Wyler'],"['Robert E. Sherwood', 'MacKinlay Kantor']","['Myrna Loy', 'Dana Andrews', 'Fredric March']"
Before Sunset,"Nine years after Jesse and Celine first met, they encounter each other again on the French leg of Jesse's book tour.",2004,8.1,['Richard Linklater'],"['Richard Linklater', 'Julie Delpy', 'Ethan Hawke']","['Ethan Hawke', 'Julie Delpy', 'Vernon Dobtcheff']"
The Sound of Music,A young novice is sent by her convent in 1930s Austria to become a governess to the seven children of a widowed naval officer.,1965,8.1,['Robert Wise'],"['Georg Hurdalek', 'Howard Lindsay', 'Russel Crouse']","['Julie Andrews', 'Christopher Plummer', 'Eleanor Parker']"
The Exorcist,"When a mysterious entity possesses a young girl, her mother seeks the help of two Catholic priests to save her life.",1973,8.1,['William Friedkin'],[],"['Ellen Burstyn', 'Max von Sydow', 'Linda Blair']"
The Incredibles,"While trying to lead a quiet suburban life, a family of undercover superheroes are forced into action to save the world.",2004,8.0,['Brad Bird'],[],"['Craig T. Nelson', 'Samuel L. Jackson', 'Holly Hunter']"
The Wizard of Oz,"Young Dorothy Gale and her dog Toto are swept away by a tornado from their Kansas farm to the magical Land of Oz and embark on a quest with three new friends to see the Wizard, who can return her to her home and fulfill the others' wishes.",1939,8.1,[],"['Noel Langley', 'Florence Ryerson', 'Edgar Allan Woolf']","['Judy Garland', 'Frank Morgan', 'Ray Bolger']"
Hachi: A Dog's Tale,"Professor Wilson discovers a lost Akita puppy on his way home. Despite objections from his wife, Hachi endears himself to the family and grows to be Parker's loyal companion. As their bond grows deeper, a beautiful relationship unfolds.",2009,8.1,['Lasse Hallström'],"['Stephen P. Lindsey', 'Kaneto Shindô']","['Richard Gere', 'Joan Allen', 'Cary-Hiroyuki Tagawa']"
Rush,"James Hunt and Niki Lauda, two extremely skilled Formula One racers, have an intense rivalry with each other. However, it is their enmity that pushes them to their limits.",2013,8.1,['Ron Howard'],[],"['Daniel Brühl', 'Chris Hemsworth', 'Olivia Wilde']"
The Passion of Joan of Arc,"In 1431, Jeanne d'Arc is placed on trial on charges of heresy, and the ecclesiastical jurists attempt to force her to recant her claims of holy visions.",1928,8.1,['Carl Theodor Dreyer'],"['Joseph Delteil', 'Carl Theodor Dreyer']","['Maria Falconetti', 'Eugene Silvain', 'André Berley']"
Stand by Me,A writer recounts a childhood journey with his friends to find the body of a missing boy.,1986,8.1,['Rob Reiner'],"['Stephen King', 'Raynold Gideon', 'Bruce A. Evans']","['Wil Wheaton', 'River Phoenix', 'Corey Feldman']"
My Father and My Son,The family of a left-wing journalist is torn apart after the military coup of Turkey in 1980.,2005,8.2,['Çagan Irmak'],[],"['Çetin Tekindor', 'Fikret Kuskan', 'Hümeyra']"
A Silent Voice: The Movie,"A deaf girl, Shoko, is bullied by the popular Shoya. As Shoya continues to bully Shoko, the class turns its back on him. Shoko transfers and Shoya grows up as an outcast. Alone and depressed, the regretful Shoya finds Shoko to make amends.",2016,8.1,['Naoko Yamada'],"['Yoshitoki Ôima', 'Reiko Yoshida']","['Miyu Irino', 'Saori Hayami', 'Aoi Yûki']"
The Iron Giant,A young boy befriends a giant robot from outer space that a paranoid government agent wants to destroy.,1999,8.1,['Brad Bird'],"['Tim McCanlies', 'Brad Bird', 'Ted Hughes']","['Eli Marienthal', 'Harry Connick Jr.', 'Jennifer Aniston']"
Network,"A television network cynically exploits a deranged former anchor's ravings and revelations about mass media for its own profit, but finds that his message may be difficult to control.",1976,8.1,['Sidney Lumet'],[],"['Faye Dunaway', 'William Holden', 'Peter Finch']"
The Handmaiden,"In 1930s Korea, a girl is hired as a handmaiden to a Japanese heiress who lives a secluded life on a countryside estate. But the maid has a secret: She is a pickpocket recruited by a swindler to help seduce the Lady and steal her fortune.",2016,8.1,['Park Chan-wook'],"['Sarah Waters', 'Chung Seo-kyung', 'Park Chan-wook']","['Kim Min-hee', 'Ha Jung-woo', 'Cho Jin-woong']"
The Battle of Algiers,"In the 1950s, fear and violence escalate as the people of Algiers fight for independence from the French government.",1966,8.1,['Gillo Pontecorvo'],"['Franco Solinas', 'Gillo Pontecorvo']","['Brahim Hadjadj', 'Jean Martin', 'Yacef Saadi']"
The Grapes of Wrath,"An Oklahoma family, driven off their farm by the poverty and hopelessness of the Dust Bowl, joins the westward migration to California, suffering the misfortunes of the homeless in the Great Depression.",1940,8.1,['John Ford'],"['Nunnally Johnson', 'John Steinbeck']","['Henry Fonda', 'Jane Darwell', 'John Carradine']"
To Be or Not to Be,"During the German occupation of Poland, an acting troupe becomes embroiled in a Polish soldier's efforts to track down a German spy.",1942,8.1,['Ernst Lubitsch'],"['Melchior Lengyel', 'Edwin Justus Mayer', 'Ernst Lubitsch']","['Carole Lombard', 'Jack Benny', 'Robert Stack']"
Into the Wild,"After graduating from Emory University, top student and athlete Christopher McCandless abandons his possessions, gives his entire $24,000 savings account to charity and hitchhikes to Alaska to live in the wilderness.",2007,8.0,['Sean Penn'],"['Sean Penn', 'Jon Krakauer']","['Emile Hirsch', 'Vince Vaughn', 'Catherine Keener']"
Groundhog Day,"A narcissistic, self-centered weatherman finds himself in a time loop on Groundhog Day.",1993,8.0,['Harold Ramis'],"['Danny Rubin', 'Harold Ramis']","['Bill Murray', 'Andie MacDowell', 'Chris Elliott']"
The Help,"An aspiring author during the civil rights movement of the 1960s decides to write a book detailing the African American maids' point of view on the white families for which they work, and the hardships they go through on a daily basis.",2011,8.1,['Tate Taylor'],"['Tate Taylor', 'Kathryn Stockett']","['Viola Davis', 'Emma Stone', 'Octavia Spencer']"
Gangs of Wasseypur,"A clash between Sultan and Shahid Khan leads to the expulsion of Khan from Wasseypur, and ignites a deadly blood feud spanning three generations.",2012,8.2,['Anurag Kashyap'],"['Akhilesh Jaiswal', 'Anurag Kashyap', 'Sachin K. Ladia']","['Manoj Bajpayee', 'Nawazuddin Siddiqui', 'Tigmanshu Dhulia']"
Drishyam,"Desperate measures are taken by a man who tries to save his family from the dark side of the law, after they commit an unexpected crime.",2015,8.2,['Nishikant Kamat'],"['Jeethu Joseph', 'Upendra Sidhaye']","['Ajay Devgn', 'Shriya Saran', 'Tabu']"
Andhadhun,"A series of mysterious events change the life of a blind pianist, who must now report a crime that he should technically know nothing of.",2018,8.2,['Sriram Raghavan'],"['Arijit Biswas', 'Yogesh Chandekar', 'Sriram Raghavan']","['Ayushmann Khurrana', 'Tabu', 'Radhika Apte']"
Amores Perros,"An amateur dog fighter, a supermodel, and a derelict assassin, all separately struggling to find love, find their lives transformed by a devastating car wreck in Mexico City.",2000,8.0,['Alejandro G. Iñárritu'],[],"['Emilio Echevarría', 'Gael García Bernal', 'Goya Toledo']"
